<?xml version="1.0" encoding="utf-8"?>
<databaseChangeLog
    xmlns="http://www.liquibase.org/xml/ns/dbchangelog"
    xmlns:ext="http://www.liquibase.org/xml/ns/dbchangelog-ext"
    xmlns:xsi="http://www.w3.org/2001/XMLSchema-instance"
    xsi:schemaLocation="http://www.liquibase.org/xml/ns/dbchangelog http://www.liquibase.org/xml/ns/dbchangelog/dbchangelog-3.9.xsd
                        http://www.liquibase.org/xml/ns/dbchangelog-ext http://www.liquibase.org/xml/ns/dbchangelog/dbchangelog-ext.xsd">

    
    <!--
        Added the entity ControleQualidade.
    -->
    <changeSet id="20210705120618-1" author="jhipster">
        <createTable tableName="controle_qualidade">
            <column name="id" type="bigint">
                <constraints primaryKey="true" nullable="false"/>
            </column>
            <column name="codigo" type="integer">
                <constraints nullable="false" />
            </column>
            <column name="material" type="varchar(255)">
                <constraints nullable="false" />
            </column>
            <column name="codigo_convenio" type="varchar(255)">
                <constraints nullable="false" />
            </column>
            <column name="codigo_plano" type="varchar(255)">
                <constraints nullable="false" />
            </column>
            <column name="convenio_plano" type="varchar(255)">
                <constraints nullable="true" />
            </column>
            <!-- jhipster-needle-liquibase-add-column - JHipster will add columns here -->
        </createTable>
    </changeSet>

    <changeSet id="20210705120618-1-relations" author="jhipster">

    </changeSet>
    
    <changeSet id="20210705120618-1-sequence" author="jhipster">
        <createSequence sequenceName="seq_controle_qualidade" startValue="1050" incrementBy="50" />
    </changeSet>
    <!-- jhipster-needle-liquibase-add-changeset - JHipster will add changesets here -->

    <!--
        Load sample data generated with Faker.js
        - This data can be easily edited using a CSV editor (or even MS Excel) and
          is located in the 'src/main/resources/config/liquibase/fake-data' directory
        - By default this data is applied when running with the JHipster 'dev' profile.
          This can be customized by adding or removing 'faker' in the 'spring.liquibase.contexts'
          Spring Boot configuration key.
    -->
    <changeSet id="20210705120618-1-data" author="jhipster" context="faker">
        <loadData
                  file="config/liquibase/fake-data/controle_qualidade.csv"
                  separator=";"
                  tableName="controle_qualidade">
            <column name="id" type="numeric"/>
            <column name="codigo" type="numeric"/>
            <column name="material" type="string"/>
            <column name="codigo_convenio" type="string"/>
            <column name="codigo_plano" type="string"/>
            <column name="convenio_plano" type="string"/>
            <!-- jhipster-needle-liquibase-add-loadcolumn - JHipster (and/or extensions) can add load columns here -->
        </loadData>
    </changeSet>

</databaseChangeLog>
