<?xml version="1.0" encoding="utf-8"?>
<databaseChangeLog
    xmlns="http://www.liquibase.org/xml/ns/dbchangelog"
    xmlns:ext="http://www.liquibase.org/xml/ns/dbchangelog-ext"
    xmlns:xsi="http://www.w3.org/2001/XMLSchema-instance"
    xsi:schemaLocation="http://www.liquibase.org/xml/ns/dbchangelog http://www.liquibase.org/xml/ns/dbchangelog/dbchangelog-3.9.xsd
                        http://www.liquibase.org/xml/ns/dbchangelog-ext http://www.liquibase.org/xml/ns/dbchangelog/dbchangelog-ext.xsd">


    <changeSet id="20210812090408-1" author="alexandre">
        <addColumn tableName="exame">
            <column name="ativo" type="boolean" defaultValueBoolean="true">
                <constraints nullable="false" />
            </column>
            <column name="impressao" type="boolean" defaultValueBoolean="true">
                <constraints nullable="false" />
            </column>
            <column name="consiste_interfaceamento" type="boolean" defaultValueBoolean="true">
                <constraints nullable="false" />
            </column>
            <column name="anexa_documentos" type="boolean" defaultValueBoolean="true">
                <constraints nullable="false" />
            </column>
        </addColumn>
    </changeSet>

</databaseChangeLog>
