<?xml version="1.0" encoding="utf-8"?>
<databaseChangeLog
    xmlns="http://www.liquibase.org/xml/ns/dbchangelog"
    xmlns:ext="http://www.liquibase.org/xml/ns/dbchangelog-ext"
    xmlns:xsi="http://www.w3.org/2001/XMLSchema-instance"
    xsi:schemaLocation="http://www.liquibase.org/xml/ns/dbchangelog http://www.liquibase.org/xml/ns/dbchangelog/dbchangelog-3.9.xsd
                        http://www.liquibase.org/xml/ns/dbchangelog-ext http://www.liquibase.org/xml/ns/dbchangelog/dbchangelog-ext.xsd">


    <!--
        Added the entity TipoDeMarcacao.
    -->
    <changeSet id="20210818155025-1" author="jhipster">
        <createTable tableName="tipo_de_marcacao">
            <column name="id" type="bigint">
                <constraints primaryKey="true" nullable="false"/>
            </column>
            <column name="tipo_de_marcacao" type="varchar(255)">
                <constraints nullable="true" />
            </column>
            <column name="ativo" type="boolean">
                <constraints nullable="false" />
            </column>
            <!-- jhipster-needle-liquibase-add-column - JHipster will add columns here -->
        </createTable>
    </changeSet>

    <changeSet id="20210818155025-1-relations" author="jhipster">

    </changeSet>

    <changeSet id="20210818155025-1-sequence" author="jhipster">
        <createSequence sequenceName="seq_tipo_de_marcacao" startValue="1050" incrementBy="50" />
    </changeSet>
    <!-- jhipster-needle-liquibase-add-changeset - JHipster will add changesets here -->

</databaseChangeLog>
