<?xml version="1.0" encoding="utf-8"?>
<databaseChangeLog
    xmlns="http://www.liquibase.org/xml/ns/dbchangelog"
    xmlns:ext="http://www.liquibase.org/xml/ns/dbchangelog-ext"
    xmlns:xsi="http://www.w3.org/2001/XMLSchema-instance"
    xsi:schemaLocation="http://www.liquibase.org/xml/ns/dbchangelog http://www.liquibase.org/xml/ns/dbchangelog/dbchangelog-3.9.xsd
                        http://www.liquibase.org/xml/ns/dbchangelog-ext http://www.liquibase.org/xml/ns/dbchangelog/dbchangelog-ext.xsd">

    
    <!--
        Added the entity GrupoAgendamentoExame.
    -->
    <changeSet id="20210714162530-1" author="jhipster">
        <createTable tableName="grupo_agendamento_exame">
            <column name="id" type="bigint">
                <constraints primaryKey="true" nullable="false"/>
            </column>
            <column name="nome" type="varchar(255)">
                <constraints nullable="false" />
            </column>
            <column name="codigo" type="integer">
                <constraints nullable="false" />
            </column>
            <column name="agendar_em_conjunto" type="boolean">
                <constraints nullable="true" />
            </column>
            <column name="calcular_ocupacao" type="boolean">
                <constraints nullable="true" />
            </column>
            <column name="ativo" type="boolean">
                <constraints nullable="false" />
            </column>
            <!-- jhipster-needle-liquibase-add-column - JHipster will add columns here -->
        </createTable>
    </changeSet>

    <changeSet id="20210714162530-1-relations" author="jhipster">

        <createTable tableName="grupo_agendamento_exame_exame">
            <column name="exame_id" type="bigint">
                <constraints nullable="false"/>
            </column>
            <column name="grupo_agendamento_exame_id" type="bigint">
                <constraints nullable="false"/>
            </column>
        </createTable>

        <addPrimaryKey columnNames="grupo_agendamento_exame_id, exame_id" tableName="grupo_agendamento_exame_exame"/>
        
    </changeSet>
    
    <changeSet id="20210714162530-1-sequence" author="jhipster">
        <createSequence sequenceName="seq_grupo_agendamento_exame" startValue="1050" incrementBy="50" />
    </changeSet>
    <!-- jhipster-needle-liquibase-add-changeset - JHipster will add changesets here -->

    <!--
        Load sample data generated with Faker.js
        - This data can be easily edited using a CSV editor (or even MS Excel) and
          is located in the 'src/main/resources/config/liquibase/fake-data' directory
        - By default this data is applied when running with the JHipster 'dev' profile.
          This can be customized by adding or removing 'faker' in the 'spring.liquibase.contexts'
          Spring Boot configuration key.
    -->
    <changeSet id="20210714162530-1-data" author="jhipster" context="faker">
        <loadData
                  file="config/liquibase/fake-data/grupo_agendamento_exame.csv"
                  separator=";"
                  tableName="grupo_agendamento_exame">
            <column name="id" type="numeric"/>
            <column name="nome" type="string"/>
            <column name="codigo" type="numeric"/>
            <column name="agendar_em_conjunto" type="boolean"/>
            <column name="calcular_ocupacao" type="boolean"/>
            <column name="ativo" type="boolean"/>
            <!-- jhipster-needle-liquibase-add-loadcolumn - JHipster (and/or extensions) can add load columns here -->
        </loadData>
    </changeSet>

</databaseChangeLog>
