<?xml version="1.0" encoding="utf-8"?>
<databaseChangeLog
    xmlns="http://www.liquibase.org/xml/ns/dbchangelog"
    xmlns:ext="http://www.liquibase.org/xml/ns/dbchangelog-ext"
    xmlns:xsi="http://www.w3.org/2001/XMLSchema-instance"
    xsi:schemaLocation="http://www.liquibase.org/xml/ns/dbchangelog http://www.liquibase.org/xml/ns/dbchangelog/dbchangelog-3.9.xsd
                        http://www.liquibase.org/xml/ns/dbchangelog-ext http://www.liquibase.org/xml/ns/dbchangelog/dbchangelog-ext.xsd">


    <!--
        Added the entity ProcessoAssincronoGrade.
    -->
    <changeSet id="20211015132038-1" author="jhipster">
        <createTable tableName="processo_assincrono_grade">
            <column name="id" type="varchar(255)">
                <constraints primaryKey="true" nullable="false"/>
            </column>
            <column name="data_inicio" type="datetime">
                <constraints nullable="true" />
            </column>
            <column name="data_termino" type="datetime">
                <constraints nullable="true" />
            </column>
            <column name="ultima_atualizacao" type="datetime">
                <constraints nullable="true" />
            </column>
            <column name="qtd_horarios_para_criar" type="integer">
                <constraints nullable="true" />
            </column>
            <column name="total_de_horarios_criados" type="integer">
                <constraints nullable="true" />
            </column>
            <column name="total_completo" type="double">
                <constraints nullable="true" />
            </column>
            <column name="status" type="varchar(255)">
                <constraints nullable="true" />
            </column>
            <!-- jhipster-needle-liquibase-add-column - JHipster will add columns here -->
        </createTable>
        <dropDefaultValue tableName="processo_assincrono_grade" columnName="data_inicio" columnDataType="datetime"/>
        <dropDefaultValue tableName="processo_assincrono_grade" columnName="data_termino" columnDataType="datetime"/>
        <dropDefaultValue tableName="processo_assincrono_grade" columnName="ultima_atualizacao" columnDataType="datetime"/>
    </changeSet>

    <changeSet id="20211015132038-1-relations" author="jhipster">

    </changeSet>

    <changeSet id="20211015132038-1-sequence" author="jhipster">
        <createSequence sequenceName="seq_processo_assincrono_grade" startValue="1050" incrementBy="50" />
    </changeSet>
    <!-- jhipster-needle-liquibase-add-changeset - JHipster will add changesets here -->

    <!--
        Load sample data generated with Faker.js
        - This data can be easily edited using a CSV editor (or even MS Excel) and
          is located in the 'src/main/resources/config/liquibase/fake-data' directory
        - By default this data is applied when running with the JHipster 'dev' profile.
          This can be customized by adding or removing 'faker' in the 'spring.liquibase.contexts'
          Spring Boot configuration key.
    -->
    <changeSet id="20211015132038-1-data" author="jhipster" context="faker">
        <loadData
                  file="config/liquibase/fake-data/processo_assincrono_grade_novo.csv"
                  separator=";"
                  tableName="processo_assincrono_grade">
            <column name="id" type="string"/>
            <column name="data_inicio" type="datetime"/>
            <column name="data_termino" type="datetime"/>
            <column name="ultima_atualizacao" type="datetime"/>
            <column name="qtd_horarios_para_criar" type="numeric"/>
            <column name="total_de_horarios_criados" type="numeric"/>
            <column name="total_completo" type="numeric"/>
            <column name="status" type="string"/>
            <!-- jhipster-needle-liquibase-add-loadcolumn - JHipster (and/or extensions) can add load columns here -->
        </loadData>
    </changeSet>

</databaseChangeLog>
