<?xml version="1.0" encoding="utf-8"?>
<databaseChangeLog
    xmlns="http://www.liquibase.org/xml/ns/dbchangelog"
    xmlns:ext="http://www.liquibase.org/xml/ns/dbchangelog-ext"
    xmlns:xsi="http://www.w3.org/2001/XMLSchema-instance"
    xsi:schemaLocation="http://www.liquibase.org/xml/ns/dbchangelog http://www.liquibase.org/xml/ns/dbchangelog/dbchangelog-3.9.xsd
                        http://www.liquibase.org/xml/ns/dbchangelog-ext http://www.liquibase.org/xml/ns/dbchangelog/dbchangelog-ext.xsd">

    
    <!--
        Added the entity GradeAgendamentoExame.
    -->
    <changeSet id="20210930160725-1" author="jhipster">
        <createTable tableName="grade_agendamento_exame">
            <column name="id" type="bigint">
                <constraints primaryKey="true" nullable="false"/>
            </column>
            <column name="data_inicio" type="date">
                <constraints nullable="false" />
            </column>
            <column name="data_fim" type="date">
                <constraints nullable="false" />
            </column>
            <column name="hora_inicio" type="datetime">
                <constraints nullable="false" />
            </column>
            <column name="hora_fim" type="datetime">
                <constraints nullable="false" />
            </column>
            <column name="numero_de_horarios" type="integer">
                <constraints nullable="true" />
            </column>
            <column name="duracao" type="bigint">
                <constraints nullable="false" />
            </column>
            <column name="ativo" type="boolean">
                <constraints nullable="false" />
            </column>
            <column name="unidade_executora_id" type="integer">
                <constraints nullable="false" />
            </column>
            <column name="responsavel_id" type="integer">
                <constraints nullable="false" />
            </column>
            <column name="exame_id" type="bigint">
                <constraints nullable="true" />
            </column>
            <column name="sala_id" type="bigint">
                <constraints nullable="true" />
            </column>
            <!-- jhipster-needle-liquibase-add-column - JHipster will add columns here -->
        </createTable>
        <dropDefaultValue tableName="grade_agendamento_exame" columnName="hora_inicio" columnDataType="datetime"/>
        <dropDefaultValue tableName="grade_agendamento_exame" columnName="hora_fim" columnDataType="datetime"/>
    </changeSet>

    <changeSet id="20210930160725-1-relations" author="jhipster">

        <createTable tableName="grade_agendamento_exame_dia">
            <column name="dia_id" type="bigint">
                <constraints nullable="false"/>
            </column>
            <column name="grade_agendamento_exame_id" type="bigint">
                <constraints nullable="false"/>
            </column>
        </createTable>

        <addPrimaryKey columnNames="grade_agendamento_exame_id, dia_id" tableName="grade_agendamento_exame_dia"/>
        
    </changeSet>
    
    <changeSet id="20210930160725-1-sequence" author="jhipster">
        <createSequence sequenceName="seq_grade_agendamento_exame" startValue="1050" incrementBy="50" />
    </changeSet>
    <!-- jhipster-needle-liquibase-add-changeset - JHipster will add changesets here -->

    <!--
        Load sample data generated with Faker.js
        - This data can be easily edited using a CSV editor (or even MS Excel) and
          is located in the 'src/main/resources/config/liquibase/fake-data' directory
        - By default this data is applied when running with the JHipster 'dev' profile.
          This can be customized by adding or removing 'faker' in the 'spring.liquibase.contexts'
          Spring Boot configuration key.
    -->
    <changeSet id="20210930160725-1-data" author="jhipster" context="faker">
        <loadData
                  file="config/liquibase/fake-data/grade_agendamento_exame.csv"
                  separator=";"
                  tableName="grade_agendamento_exame">
            <column name="id" type="numeric"/>
            <column name="data_inicio" type="date"/>
            <column name="data_fim" type="date"/>
            <column name="hora_inicio" type="datetime"/>
            <column name="hora_fim" type="datetime"/>
            <column name="numero_de_horarios" type="numeric"/>
            <column name="duracao" type="numeric"/>
            <column name="ativo" type="boolean"/>
            <column name="unidade_executora_id" type="numeric"/>
            <column name="responsavel_id" type="numeric"/>
            <!-- jhipster-needle-liquibase-add-loadcolumn - JHipster (and/or extensions) can add load columns here -->
        </loadData>
    </changeSet>

</databaseChangeLog>
