<?xml version="1.0" encoding="utf-8"?>
<databaseChangeLog
    xmlns="http://www.liquibase.org/xml/ns/dbchangelog"
    xmlns:ext="http://www.liquibase.org/xml/ns/dbchangelog-ext"
    xmlns:xsi="http://www.w3.org/2001/XMLSchema-instance"
    xsi:schemaLocation="http://www.liquibase.org/xml/ns/dbchangelog http://www.liquibase.org/xml/ns/dbchangelog/dbchangelog-3.9.xsd
                        http://www.liquibase.org/xml/ns/dbchangelog-ext http://www.liquibase.org/xml/ns/dbchangelog/dbchangelog-ext.xsd">


    <changeSet id="20210818154625-1" author="jhipster">
        <dropColumn tableName="grade_de_agendamento">
            <column name="sala_grade_id" type="bigint">
                <constraints nullable="true" />
            </column>
            <column name="grupo_agendamento_exame_id" type="bigint">
                <constraints nullable="true" />
            </column>
        </dropColumn>

        <addColumn tableName="grade_de_agendamento">
            <column name="grupo_grade_id" type="bigint">
                <constraints nullable="true" />
            </column>
            <column name="sala_grade_id" type="bigint">
                <constraints nullable="true" />
            </column>
        </addColumn>
    </changeSet>



</databaseChangeLog>
