<?xml version="1.0" encoding="utf-8"?>
<databaseChangeLog
    xmlns="http://www.liquibase.org/xml/ns/dbchangelog"
    xmlns:ext="http://www.liquibase.org/xml/ns/dbchangelog-ext"
    xmlns:xsi="http://www.w3.org/2001/XMLSchema-instance"
    xsi:schemaLocation="http://www.liquibase.org/xml/ns/dbchangelog http://www.liquibase.org/xml/ns/dbchangelog/dbchangelog-3.9.xsd
                        http://www.liquibase.org/xml/ns/dbchangelog-ext http://www.liquibase.org/xml/ns/dbchangelog/dbchangelog-ext.xsd">

    <changeSet id="20210705114608-1" author="yukioz">
        <dropColumn tableName="material">
            <column name="codigo" type="numeric"/>
            <!-- jhipster-needle-liquibase-add-column - JHipster will drop columns here -->
        </dropColumn>

        <addColumn tableName="material">

            <column name="ativo" type="boolean" defaultValueBoolean="true">
                <constraints nullable="false" />
            </column>
            <column name="coletavel" type="boolean" defaultValueBoolean="true">
                <constraints nullable="false" />
            </column>
            <column name="exige_informacao" type="boolean" defaultValueBoolean="true">
                <constraints nullable="false" />
            </column>
            <column name="urina" type="boolean" defaultValueBoolean="true">
                <constraints nullable="false" />
            </column>
        </addColumn>
    </changeSet>

</databaseChangeLog>
