<?xml version="1.1" encoding="UTF-8" standalone="no"?>
<databaseChangeLog xmlns="http://www.liquibase.org/xml/ns/dbchangelog" xmlns:ext="http://www.liquibase.org/xml/ns/dbchangelog-ext" xmlns:pro="http://www.liquibase.org/xml/ns/pro" xmlns:xsi="http://www.w3.org/2001/XMLSchema-instance" xsi:schemaLocation="http://www.liquibase.org/xml/ns/dbchangelog-ext http://www.liquibase.org/xml/ns/dbchangelog/dbchangelog-ext.xsd http://www.liquibase.org/xml/ns/pro http://www.liquibase.org/xml/ns/pro/liquibase-pro-3.9.xsd http://www.liquibase.org/xml/ns/dbchangelog http://www.liquibase.org/xml/ns/dbchangelog/dbchangelog-3.9.xsd">
    <changeSet author="basis (generated)" id="1629725349034-14">
        <dropNotNullConstraint columnDataType="varchar(255)" columnName="origem_amostra" tableName="atendimento_diverso"/>
    </changeSet>
    <changeSet author="basis (generated)" id="1629725349034-15">
        <dropNotNullConstraint columnDataType="varchar(255)" columnName="sexo" tableName="atendimento_diverso"/>
    </changeSet>
    <changeSet author="basis (generated)" id="1629725349034-16">
        <dropNotNullConstraint columnDataType="varchar(255)" columnName="tipo_amostra" tableName="atendimento_diverso"/>
    </changeSet>
</databaseChangeLog>
