<?xml version="1.0" encoding="utf-8"?>
<databaseChangeLog
    xmlns="http://www.liquibase.org/xml/ns/dbchangelog"
    xmlns:ext="http://www.liquibase.org/xml/ns/dbchangelog-ext"
    xmlns:xsi="http://www.w3.org/2001/XMLSchema-instance"
    xsi:schemaLocation="http://www.liquibase.org/xml/ns/dbchangelog http://www.liquibase.org/xml/ns/dbchangelog/dbchangelog-3.9.xsd
                        http://www.liquibase.org/xml/ns/dbchangelog-ext http://www.liquibase.org/xml/ns/dbchangelog/dbchangelog-ext.xsd">


    <!--
        Added the entity Sala.
    -->
    <changeSet id="20210818154925-1" author="jhipster">
        <createTable tableName="sala">
            <column name="id" type="bigint">
                <constraints primaryKey="true" nullable="false"/>
            </column>
            <column name="codigo_da_sala" type="integer">
                <constraints nullable="false" />
            </column>
            <column name="identificacao_da_sala" type="varchar(255)">
                <constraints nullable="false" />
            </column>
            <column name="locacao_da_sala" type="varchar(255)">
                <constraints nullable="false" />
            </column>
            <column name="ativo" type="boolean">
                <constraints nullable="false" />
            </column>
            <column name="unidade_executora_id" type="integer">
                <constraints nullable="true" />
            </column>
            <!-- jhipster-needle-liquibase-add-column - JHipster will add columns here -->
        </createTable>
    </changeSet>

    <changeSet id="20210818154925-1-relations" author="jhipster">

    </changeSet>

    <changeSet id="20210818154925-1-sequence" author="jhipster">
        <createSequence sequenceName="seq_sala" startValue="1050" incrementBy="50" />
    </changeSet>
    <!-- jhipster-needle-liquibase-add-changeset - JHipster will add changesets here -->

    <!--
        Load sample data generated with Faker.js
        - This data can be easily edited using a CSV editor (or even MS Excel) and
          is located in the 'src/main/resources/config/liquibase/fake-data' directory
        - By default this data is applied when running with the JHipster 'dev' profile.
          This can be customized by adding or removing 'faker' in the 'spring.liquibase.contexts'
          Spring Boot configuration key.
    -->
    <!--<changeSet id="20210818154925-1-data" author="jhipster" context="faker">
        <loadData
                  file="config/liquibase/fake-data/sala.csv"
                  separator=";"
                  tableName="sala">
            <column name="id" type="numeric"/>
            <column name="codigo_da_sala" type="numeric"/>
            <column name="identificacao_da_sala" type="string"/>
            <column name="locacao_da_sala" type="string"/>
            <column name="ativo" type="boolean"/>
            <column name="unidade_executora_id" type="numeric"/>
            &lt;!&ndash; jhipster-needle-liquibase-add-loadcolumn - JHipster (and/or extensions) can add load columns here &ndash;&gt;
        </loadData>
    </changeSet>-->

</databaseChangeLog>
