<?xml version="1.0" encoding="utf-8"?>
<databaseChangeLog
    xmlns="http://www.liquibase.org/xml/ns/dbchangelog"
    xmlns:ext="http://www.liquibase.org/xml/ns/dbchangelog-ext"
    xmlns:xsi="http://www.w3.org/2001/XMLSchema-instance"
    xsi:schemaLocation="http://www.liquibase.org/xml/ns/dbchangelog http://www.liquibase.org/xml/ns/dbchangelog/dbchangelog-3.9.xsd
                        http://www.liquibase.org/xml/ns/dbchangelog-ext http://www.liquibase.org/xml/ns/dbchangelog/dbchangelog-ext.xsd">

    
    <!--
        Added the entity AmostraDeMaterial.
    -->
    <changeSet id="20210827170151-1" author="jhipster">
        <createTable tableName="amostra_de_material">
            <column name="id" type="bigint">
                <constraints primaryKey="true" nullable="false"/>
            </column>
            <column name="nome" type="varchar(255)">
                <constraints nullable="false" />
            </column>
            <column name="origem" type="varchar(255)">
                <constraints nullable="false" />
            </column>
            <column name="numero_de_amostras" type="integer">
                <constraints nullable="false" />
            </column>
            <column name="volume_da_amostra" type="integer">
                <constraints nullable="true" />
            </column>
            <column name="unidade_de_medida" type="varchar(255)">
                <constraints nullable="false" />
            </column>
            <column name="responsavel" type="varchar(255)">
                <constraints nullable="false" />
            </column>
            <column name="congelado" type="boolean">
                <constraints nullable="false" />
            </column>
            <column name="unidade_funcional_id" type="integer">
                <constraints nullable="true" />
            </column>
            <column name="amostra_recipiente_id" type="bigint">
                <constraints nullable="true" />
            </column>
            <column name="amostra_anticoagulante_id" type="bigint">
                <constraints nullable="true" />
            </column>
            <column name="amostra_material_id" type="bigint">
                <constraints nullable="true" />
            </column>
            <column name="material_de_exame_id" type="bigint">
                <constraints nullable="true" />
            </column>
            <!-- jhipster-needle-liquibase-add-column - JHipster will add columns here -->
        </createTable>
    </changeSet>

    <changeSet id="20210827170151-1-relations" author="jhipster">

    </changeSet>
    
    <changeSet id="20210827170151-1-sequence" author="jhipster">
        <createSequence sequenceName="seq_amostra_de_material" startValue="1050" incrementBy="50" />
    </changeSet>
    <!-- jhipster-needle-liquibase-add-changeset - JHipster will add changesets here -->

    <!--
        Load sample data generated with Faker.js
        - This data can be easily edited using a CSV editor (or even MS Excel) and
          is located in the 'src/main/resources/config/liquibase/fake-data' directory
        - By default this data is applied when running with the JHipster 'dev' profile.
          This can be customized by adding or removing 'faker' in the 'spring.liquibase.contexts'
          Spring Boot configuration key.
    -->
    <changeSet id="20210827170151-1-data" author="jhipster" context="faker">
        <loadData
                  file="config/liquibase/fake-data/amostra_de_material.csv"
                  separator=";"
                  tableName="amostra_de_material">
            <column name="id" type="numeric"/>
            <column name="nome" type="string"/>
            <column name="origem" type="string"/>
            <column name="numero_de_amostras" type="numeric"/>
            <column name="volume_da_amostra" type="numeric"/>
            <column name="unidade_de_medida" type="string"/>
            <column name="responsavel" type="string"/>
            <column name="congelado" type="boolean"/>
            <column name="unidade_funcional_id" type="numeric"/>
            <!-- jhipster-needle-liquibase-add-loadcolumn - JHipster (and/or extensions) can add load columns here -->
        </loadData>
    </changeSet>

</databaseChangeLog>
