<?xml version="1.0" encoding="utf-8"?>
<databaseChangeLog
    xmlns="http://www.liquibase.org/xml/ns/dbchangelog"
    xmlns:ext="http://www.liquibase.org/xml/ns/dbchangelog-ext"
    xmlns:xsi="http://www.w3.org/2001/XMLSchema-instance"
    xsi:schemaLocation="http://www.liquibase.org/xml/ns/dbchangelog http://www.liquibase.org/xml/ns/dbchangelog/dbchangelog-3.9.xsd
                        http://www.liquibase.org/xml/ns/dbchangelog-ext http://www.liquibase.org/xml/ns/dbchangelog/dbchangelog-ext.xsd">

    
    <!--
        Added the entity MaterialDeExame.
    -->
    <changeSet id="20210818172959-1" author="jhipster">
        <createTable tableName="material_de_exame">
            <column name="id" type="bigint">
                <constraints primaryKey="true" nullable="false"/>
            </column>
            <column name="nome" type="varchar(255)">
                <constraints nullable="false" />
            </column>
            <column name="ativo" type="boolean">
                <constraints nullable="false" />
            </column>
            <column name="npo" type="boolean">
                <constraints nullable="true" />
            </column>
            <column name="jejum" type="boolean">
                <constraints nullable="true" />
            </column>
            <column name="exige_preparo" type="boolean">
                <constraints nullable="true" />
            </column>
            <column name="exige_dieta" type="boolean">
                <constraints nullable="true" />
            </column>
            <column name="informa_numero_de_coletas" type="boolean">
                <constraints nullable="true" />
            </column>
            <column name="gera_item_de_solicitacao" type="boolean">
                <constraints nullable="true" />
            </column>
            <column name="exige_intervalo_de_coleta" type="boolean">
                <constraints nullable="true" />
            </column>
            <column name="exige_regiao_anatomica" type="boolean">
                <constraints nullable="true" />
            </column>
            <column name="ingestao_de_medicamento" type="boolean">
                <constraints nullable="true" />
            </column>
            <column name="dependente_de_exame" type="boolean">
                <constraints nullable="true" />
            </column>
            <column name="analisado_pela_cii" type="boolean">
                <constraints nullable="true" />
            </column>
            <column name="interesse_da_comedi" type="boolean">
                <constraints nullable="true" />
            </column>
            <column name="exige_impressao" type="boolean">
                <constraints nullable="true" />
            </column>
            <column name="aparece_resultado" type="boolean">
                <constraints nullable="true" />
            </column>
            <column name="conta_celulas" type="boolean">
                <constraints nullable="true" />
            </column>
            <column name="limite_de_solicitacao" type="boolean">
                <constraints nullable="true" />
            </column>
            <column name="forma_de_respiracao" type="boolean">
                <constraints nullable="true" />
            </column>
            <column name="automatico" type="boolean">
                <constraints nullable="true" />
            </column>
            <column name="exige_dados_complementares" type="boolean">
                <constraints nullable="true" />
            </column>
            <column name="natureza" type="varchar(255)">
                <constraints nullable="false" />
            </column>
            <column name="sumario" type="varchar(255)">
                <constraints nullable="false" />
            </column>
            <column name="tempo_jejum" type="integer">
                <constraints nullable="true" />
            </column>
            <column name="intervalo_minimo" type="integer">
                <constraints nullable="true" />
            </column>
            <column name="unidade_de_tempo" type="varchar(255)">
                <constraints nullable="true" />
            </column>
            <column name="validade" type="integer">
                <constraints nullable="true" />
            </column>
            <column name="agendamento_minimo" type="integer">
                <constraints nullable="true" />
            </column>
            <column name="tempo_limite_da_solicitacao" type="integer">
                <constraints nullable="true" />
            </column>
            <column name="unidade_de_tempo_da_solicitacao" type="varchar(255)">
                <constraints nullable="true" />
            </column>
            <column name="numero_de_amostras" type="integer">
                <constraints nullable="true" />
            </column>
            <column name="numero_de_amostras_padrao" type="integer">
                <constraints nullable="true" />
            </column>
            <column name="dias_limite_default" type="integer">
                <constraints nullable="true" />
            </column>
            <column name="tempo_limite_default" type="integer">
                <constraints nullable="true" />
            </column>
            <column name="numero_de_amostrar_por_intervalo" type="integer">
                <constraints nullable="true" />
            </column>
            <column name="tempo_limite_de_amostra_por_intervalo" type="integer">
                <constraints nullable="true" />
            </column>
            <column name="unidade_limite_de_tempo_do_periodo" type="varchar(255)">
                <constraints nullable="true" />
            </column>
            <column name="permite_solicitacao_pos_alta" type="boolean">
                <constraints nullable="false" />
            </column>
            <column name="tempo_permitido_para_solicitar_pos_alta" type="integer">
                <constraints nullable="true" />
            </column>
            <column name="tempo_permitido_para_solicitar_pos_alta_pelas_areas_executoras" type="integer">
                <constraints nullable="true" />
            </column>
            <column name="carta_de_coleta" type="varchar(255)">
                <constraints nullable="true" />
            </column>
            <column name="laboratoria_tercerizado" type="boolean">
                <constraints nullable="true" />
            </column>
            <column name="nao_cancela_exama_apos_alta" type="boolean">
                <constraints nullable="true" />
            </column>
            <column name="material_id" type="bigint">
                <constraints nullable="true" />
            </column>
            <!-- jhipster-needle-liquibase-add-column - JHipster will add columns here -->
        </createTable>
    </changeSet>

    <changeSet id="20210818172959-1-relations" author="jhipster">

    </changeSet>
    
    <changeSet id="20210818172959-1-sequence" author="jhipster">
        <createSequence sequenceName="seq_material_de_exame" startValue="1050" incrementBy="50" />
    </changeSet>
    <!-- jhipster-needle-liquibase-add-changeset - JHipster will add changesets here -->

    <!--
        Load sample data generated with Faker.js
        - This data can be easily edited using a CSV editor (or even MS Excel) and
          is located in the 'src/main/resources/config/liquibase/fake-data' directory
        - By default this data is applied when running with the JHipster 'dev' profile.
          This can be customized by adding or removing 'faker' in the 'spring.liquibase.contexts'
          Spring Boot configuration key.
    -->
    <changeSet id="20210818172959-1-data" author="jhipster" context="faker">
        <loadData
                  file="config/liquibase/fake-data/material_de_exame.csv"
                  separator=";"
                  tableName="material_de_exame">
            <column name="id" type="numeric"/>
            <column name="nome" type="string"/>
            <column name="ativo" type="boolean"/>
            <column name="npo" type="boolean"/>
            <column name="jejum" type="boolean"/>
            <column name="exige_preparo" type="boolean"/>
            <column name="exige_dieta" type="boolean"/>
            <column name="informa_numero_de_coletas" type="boolean"/>
            <column name="gera_item_de_solicitacao" type="boolean"/>
            <column name="exige_intervalo_de_coleta" type="boolean"/>
            <column name="exige_regiao_anatomica" type="boolean"/>
            <column name="ingestao_de_medicamento" type="boolean"/>
            <column name="dependente_de_exame" type="boolean"/>
            <column name="analisado_pela_cii" type="boolean"/>
            <column name="interesse_da_comedi" type="boolean"/>
            <column name="exige_impressao" type="boolean"/>
            <column name="aparece_resultado" type="boolean"/>
            <column name="conta_celulas" type="boolean"/>
            <column name="limite_de_solicitacao" type="boolean"/>
            <column name="forma_de_respiracao" type="boolean"/>
            <column name="automatico" type="boolean"/>
            <column name="exige_dados_complementares" type="boolean"/>
            <column name="natureza" type="string"/>
            <column name="sumario" type="string"/>
            <column name="tempo_jejum" type="numeric"/>
            <column name="intervalo_minimo" type="numeric"/>
            <column name="unidade_de_tempo" type="string"/>
            <column name="validade" type="numeric"/>
            <column name="agendamento_minimo" type="numeric"/>
            <column name="tempo_limite_da_solicitacao" type="numeric"/>
            <column name="unidade_de_tempo_da_solicitacao" type="string"/>
            <column name="numero_de_amostras" type="numeric"/>
            <column name="numero_de_amostras_padrao" type="numeric"/>
            <column name="dias_limite_default" type="numeric"/>
            <column name="tempo_limite_default" type="numeric"/>
            <column name="numero_de_amostrar_por_intervalo" type="numeric"/>
            <column name="tempo_limite_de_amostra_por_intervalo" type="numeric"/>
            <column name="unidade_limite_de_tempo_do_periodo" type="string"/>
            <column name="permite_solicitacao_pos_alta" type="boolean"/>
            <column name="tempo_permitido_para_solicitar_pos_alta" type="numeric"/>
            <column name="tempo_permitido_para_solicitar_pos_alta_pelas_areas_executoras" type="numeric"/>
            <column name="carta_de_coleta" type="string"/>
            <column name="laboratoria_tercerizado" type="boolean"/>
            <column name="nao_cancela_exama_apos_alta" type="boolean"/>
            <!-- jhipster-needle-liquibase-add-loadcolumn - JHipster (and/or extensions) can add load columns here -->
        </loadData>
    </changeSet>

</databaseChangeLog>
