<?xml version="1.0" encoding="utf-8"?>
<databaseChangeLog
    xmlns="http://www.liquibase.org/xml/ns/dbchangelog"
    xmlns:ext="http://www.liquibase.org/xml/ns/dbchangelog-ext"
    xmlns:xsi="http://www.w3.org/2001/XMLSchema-instance"
    xsi:schemaLocation="http://www.liquibase.org/xml/ns/dbchangelog http://www.liquibase.org/xml/ns/dbchangelog/dbchangelog-3.9.xsd
                        http://www.liquibase.org/xml/ns/dbchangelog-ext http://www.liquibase.org/xml/ns/dbchangelog/dbchangelog-ext.xsd">

    
    <!--
        Added the entity ItemSolicitacaoExame.
    -->
    <changeSet id="20210705114908-1" author="jhipster">
        <createTable tableName="item_solicitacao_exame">
            <column name="id" type="bigint">
                <constraints primaryKey="true" nullable="false"/>
            </column>
            <column name="urgente" type="boolean">
                <constraints nullable="false" />
            </column>
            <column name="data_programada" type="date">
                <constraints nullable="false" />
            </column>
            <column name="situacao" type="varchar(255)">
                <constraints nullable="false" />
            </column>
            <column name="item_solicitacao_exame_id" type="bigint">
                <constraints nullable="true" />
            </column>
            <column name="solicitacao_exame_id" type="bigint">
                <constraints nullable="true" />
            </column>
            <!-- jhipster-needle-liquibase-add-column - JHipster will add columns here -->
        </createTable>
    </changeSet>

    <changeSet id="20210705114908-1-relations" author="jhipster">

    </changeSet>
    
    <changeSet id="20210705114908-1-sequence" author="jhipster">
        <createSequence sequenceName="seq_item_solicitacao_exame" startValue="1050" incrementBy="50" />
    </changeSet>
    <!-- jhipster-needle-liquibase-add-changeset - JHipster will add changesets here -->

    <!--
        Load sample data generated with Faker.js
        - This data can be easily edited using a CSV editor (or even MS Excel) and
          is located in the 'src/main/resources/config/liquibase/fake-data' directory
        - By default this data is applied when running with the JHipster 'dev' profile.
          This can be customized by adding or removing 'faker' in the 'spring.liquibase.contexts'
          Spring Boot configuration key.
    -->
    <changeSet id="20210705114908-1-data" author="jhipster" context="faker">
        <loadData
                  file="config/liquibase/fake-data/item_solicitacao_exame.csv"
                  separator=";"
                  tableName="item_solicitacao_exame">
            <column name="id" type="numeric"/>
            <column name="urgente" type="boolean"/>
            <column name="data_programada" type="date"/>
            <column name="situacao" type="string"/>
            <!-- jhipster-needle-liquibase-add-loadcolumn - JHipster (and/or extensions) can add load columns here -->
        </loadData>
    </changeSet>

</databaseChangeLog>
