<?xml version="1.0" encoding="utf-8"?>
<databaseChangeLog
    xmlns="http://www.liquibase.org/xml/ns/dbchangelog"
    xmlns:ext="http://www.liquibase.org/xml/ns/dbchangelog-ext"
    xmlns:xsi="http://www.w3.org/2001/XMLSchema-instance"
    xsi:schemaLocation="http://www.liquibase.org/xml/ns/dbchangelog http://www.liquibase.org/xml/ns/dbchangelog/dbchangelog-3.9.xsd
                        http://www.liquibase.org/xml/ns/dbchangelog-ext http://www.liquibase.org/xml/ns/dbchangelog/dbchangelog-ext.xsd">

    <changeSet id="20210818154925-2" author="jhipster">
        <dropColumn tableName="sala">
            <column name="identificacao_da_sala" type="varchar(255)">
                <constraints nullable="false"/>
            </column>
            <column name="locacao_da_sala" type="varchar(255)">
                <constraints nullable="false"/>
            </column>
        </dropColumn>

        <addColumn tableName="sala">
            <column name="nome" type="varchar(255)">
                <constraints nullable="false"/>
            </column>
            <column name="locacao" type="varchar(255)">
                <constraints nullable="false"/>
            </column>
        </addColumn>
    </changeSet>

    <changeSet id="20210818154925-1-data" author="jhipster" context="faker">
        <loadData
            file="config/liquibase/fake-data/sala-novo.csv"
            separator=";"
            tableName="sala">
            <column name="id" type="numeric"/>
            <column name="nome" type="string"/>
            <column name="locacao" type="string"/>
            <column name="ativo" type="boolean"/>
            <column name="unidade_executora_id" type="numeric"/>
            <!-- jhipster-needle-liquibase-add-loadcolumn - JHipster (and/or extensions) can add load columns here -->
        </loadData>
    </changeSet>

</databaseChangeLog>
