<?xml version="1.0" encoding="utf-8"?>
<databaseChangeLog
    xmlns="http://www.liquibase.org/xml/ns/dbchangelog"
    xmlns:ext="http://www.liquibase.org/xml/ns/dbchangelog-ext"
    xmlns:xsi="http://www.w3.org/2001/XMLSchema-instance"
    xsi:schemaLocation="http://www.liquibase.org/xml/ns/dbchangelog http://www.liquibase.org/xml/ns/dbchangelog/dbchangelog-3.9.xsd
                        http://www.liquibase.org/xml/ns/dbchangelog-ext http://www.liquibase.org/xml/ns/dbchangelog/dbchangelog-ext.xsd">


    <!--
        Added the entity AtendimentoDiverso.
    -->
    <changeSet id="20210705120218-1" author="jhipster">
        <createTable tableName="atendimento_diverso">
            <column name="id" type="bigint">
                <constraints primaryKey="true" nullable="false"/>
            </column>
            <column name="codigo" type="integer">
                <constraints nullable="false" />
            </column>
            <column name="descricao" type="varchar(255)">
                <constraints nullable="false" />
            </column>
            <column name="informacoes_id" type="bigint">
                <constraints unique="true" nullable="true" uniqueConstraintName="ux_atendimento_diverso_informacoes_id" />
            </column>
            <column name="projeto_id" type="bigint">
                <constraints unique="true" nullable="true" uniqueConstraintName="ux_atendimento_diverso_projeto_id" />
            </column>
            <column name="laboratorio_id" type="bigint">
                <constraints unique="true" nullable="true" uniqueConstraintName="ux_atendimento_diverso_laboratorio_id" />
            </column>
            <column name="controle_id" type="bigint">
                <constraints unique="true" nullable="true" uniqueConstraintName="ux_atendimento_diverso_controle_id" />
            </column>
            <column name="cadaver_id" type="bigint">
                <constraints unique="true" nullable="true" uniqueConstraintName="ux_atendimento_diverso_cadaver_id" />
            </column>
            <!-- jhipster-needle-liquibase-add-column - JHipster will add columns here -->
        </createTable>
    </changeSet>

    <changeSet id="20210705120218-1-relations" author="jhipster">

    </changeSet>

    <changeSet id="20210705120218-1-sequence" author="jhipster">
        <createSequence sequenceName="seq_atendimento_diverso" startValue="1050" incrementBy="50" />
    </changeSet>
    <!-- jhipster-needle-liquibase-add-changeset - JHipster will add changesets here -->

    <!--
        Load sample data generated with Faker.js
        - This data can be easily edited using a CSV editor (or even MS Excel) and
          is located in the 'src/main/resources/config/liquibase/fake-data' directory
        - By default this data is applied when running with the JHipster 'dev' profile.
          This can be customized by adding or removing 'faker' in the 'spring.liquibase.contexts'
          Spring Boot configuration key.
    -->


</databaseChangeLog>
