<?xml version="1.0" encoding="utf-8"?>
<databaseChangeLog
    xmlns="http://www.liquibase.org/xml/ns/dbchangelog"
    xmlns:ext="http://www.liquibase.org/xml/ns/dbchangelog-ext"
    xmlns:xsi="http://www.w3.org/2001/XMLSchema-instance"
    xsi:schemaLocation="http://www.liquibase.org/xml/ns/dbchangelog http://www.liquibase.org/xml/ns/dbchangelog/dbchangelog-3.6.xsd
                        http://www.liquibase.org/xml/ns/dbchangelog-ext http://www.liquibase.org/xml/ns/dbchangelog/dbchangelog-ext.xsd">

    
    <!--
        Added the entity Emergencia.
    -->
    <changeSet id="20200619145200-1" author="jhipster">
        <createTable tableName="emergencia">
            <column name="id" type="bigint" autoIncrement="${autoIncrement}">
                <constraints primaryKey="true" nullable="false"/>
            </column>
            <column name="numero_consulta" type="bigint">
                <constraints nullable="true" />
            </column>
            <column name="data_hora_da_consulta" type="datetime">
                <constraints nullable="false" />
            </column>
            <column name="grade" type="bigint">
                <constraints nullable="true" />
            </column>
            <column name="profissional" type="varchar(80)">
                <constraints nullable="true" />
            </column>
            <column name="numero_sala" type="varchar(20)">
                <constraints nullable="true" />
            </column>
            <column name="turno" type="varchar(255)">
                <constraints nullable="true" />
            </column>
            <column name="tipo_pagador" type="varchar(255)">
                <constraints nullable="true" />
            </column>
            <column name="grades_disponiveis" type="boolean">
                <constraints nullable="true" />
            </column>
            <column name="clinica_central_id" type="bigint">
                <constraints nullable="true" />
            </column>
            <column name="justificativa" type="varchar(240)">
                <constraints nullable="true" />
            </column>
            <column name="observacoes" type="varchar(240)">
                <constraints nullable="true" />
            </column>
            <column name="paciente_id" type="bigint">
                <constraints nullable="true" />
            </column>
            <column name="condicao_de_atendimento_id" type="bigint">
                <constraints unique="true" nullable="true" uniqueConstraintName="ux_emergencia_condicao_de_atendimento_id" />
            </column>
            <column name="forma_de_agendamento_id" type="bigint">
                <constraints unique="true" nullable="true" uniqueConstraintName="ux_emergencia_forma_de_agendamento_id" />
            </column>
            <!-- jhipster-needle-liquibase-add-column - JHipster will add columns here, do not remove-->
        </createTable>
        <dropDefaultValue tableName="emergencia" columnName="data_hora_da_consulta" columnDataType="datetime"/>
    </changeSet>

    <changeSet id="20200619145200-1-relations" author="jhipster">

    </changeSet>
    <!-- jhipster-needle-liquibase-add-changeset - JHipster will add changesets here, do not remove-->

    <!--
        Load sample data generated with Faker.js
        - This data can be easily edited using a CSV editor (or even MS Excel) and
          is located in the 'src/main/resources/config/liquibase/data' directory
        - By default this data is applied when running with the JHipster 'dev' profile.
          This can be customized by adding or removing 'faker' in the 'spring.liquibase.contexts'
          Spring Boot configuration key.
    -->
    <changeSet id="20200619145200-1-data" author="jhipster" context="faker">
        <loadData
                  file="config/liquibase/fake-data/emergencia.csv"
                  separator=";"
                  tableName="emergencia">
            <column name="id" type="numeric"/>
            <column name="numero_consulta" type="numeric"/>
            <column name="data_hora_da_consulta" type="datetime"/>
            <column name="grade" type="numeric"/>
            <column name="profissional" type="string"/>
            <column name="numero_sala" type="string"/>
            <column name="turno" type="string"/>
            <column name="tipo_pagador" type="string"/>
            <column name="grades_disponiveis" type="boolean"/>
            <column name="clinica_central_id" type="numeric"/>
            <column name="justificativa" type="string"/>
            <column name="observacoes" type="string"/>
            <column name="paciente_id" type="numeric"/>
            <!-- jhipster-needle-liquibase-add-loadcolumn - JHipster (and/or extensions) can add load columns here, do not remove-->
        </loadData>
    </changeSet>

</databaseChangeLog>
