{
  "generator-jhipster": {
    "promptValues": {
      "packageName": "br.com.basis.consulta"
    },
    "jhipsterVersion": "6.9.1",
    "applicationType": "microservice",
    "baseName": "madreconsulta",
    "packageName": "br.com.basis.consulta",
    "packageFolder": "br/com/basis/consulta",
    "serverPort": "8081",
    "authenticationType": "jwt",
    "cacheProvider": "hazelcast",
    "enableHibernateCache": true,
    "websocket": false,
    "databaseType": "sql",
    "devDatabaseType": "postgresql",
    "prodDatabaseType": "postgresql",
    "searchEngine": "elasticsearch",
    "messageBroker": false,
    "serviceDiscoveryType": "eureka",
    "buildTool": "maven",
    "enableSwaggerCodegen": false,
    "jwtSecretKey": "MmU0Mjc1OGM3NDhkNTNlMGE3NDg5MTA1NjYyZDY4Nzc2YmQ1MDViZGMyYWE3MWE2NjM4NTA0MjhkMjExZTdiY2VlMTkyYmFhNWU5MDgxZmMxZjc1MWZkYmJjMjNmYTU0MjExOWZhNzYzOTEzNDA2NWIxZTIzMzAwYmE3NWU4MWY=",
    "embeddableLaunchScript": false,
    "microserviceStackType": "SpringCloud",
    "creationTimestamp": 1591809890638,
    "testFrameworks": [],
    "jhiPrefix": "jhi",
    "entitySuffix": "",
    "dtoSuffix": "DTO",
    "otherModules": [
      {
        "name": "generator-jhipster-nuvem-java",
        "version": "6.9.2"
      }
    ],
    "enableTranslation": false,
    "clientPackageManager": "npm",
    "blueprints": [
      {
        "name": "generator-jhipster-nuvem-java",
        "version": "6.9.2"
      }
    ],
    "skipClient": true,
    "skipUserManagement": true
  }
}
