{
  "name": "Emergencia",
  "fields": [
    {
      "fieldName": "numeroConsulta",
      "fieldType": "Long"
    },
    {
      "fieldName": "dataHoraDaConsulta",
      "fieldType": "ZonedDateTime",
      "fieldValidateRules": [
        "required"
      ]
    },
    {
      "fieldName": "grade",
      "fieldType": "Long",
      "fieldValidateRules": [
        "max"
      ],
      "fieldValidateRulesMax": "20"
    },
    {
      "fieldName": "profissional",
      "fieldType": "String",
      "fieldValidateRules": [
        "maxlength"
      ],
      "fieldValidateRulesMaxlength": "80"
    },
    {
      "fieldName": "especialidade",
      "fieldType": "String",
      "fieldValidateRules": [
        "maxlength"
      ],
      "fieldValidateRulesMaxlength": "240"
    },
    {
      "fieldName": "numeroSala",
      "fieldType": "String",
      "fieldValidateRules": [
        "maxlength"
      ],
      "fieldValidateRulesMaxlength": "20"
    },
    {
      "fieldName": "turno",
      "fieldType": "Turno",
      "fieldValues": "MATUTINO,VESPERTINO,NOTURNO"
    },
    {
      "fieldName": "tipoPagador",
      "fieldType": "TipoPagador",
      "fieldValues": "SUS,OUTROS_CONVENIOS"
    },
    {
      "fieldName": "gradesDisponiveis",
      "fieldType": "Boolean"
    },
    {
      "fieldName": "clinicaCentralId",
      "fieldType": "Long"
    },
    {
      "fieldName": "justificativa",
      "fieldType": "String",
      "fieldValidateRules": [
        "maxlength"
      ],
      "fieldValidateRulesMaxlength": "240"
    },
    {
      "fieldName": "observacoes",
      "fieldType": "String",
      "fieldValidateRules": [
        "maxlength"
      ],
      "fieldValidateRulesMaxlength": "240"
    },
    {
      "fieldName": "pacienteId",
      "fieldType": "Long"
    }
  ],
  "relationships": [
    {
      "relationshipType": "one-to-one",
      "otherEntityName": "condicaoDeAtendimento",
      "otherEntityRelationshipName": "emergencia",
      "relationshipName": "condicaoDeAtendimento",
      "otherEntityField": "id",
      "ownerSide": true
    },
    {
      "relationshipType": "one-to-one",
      "otherEntityName": "formaDeAgendamento",
      "otherEntityRelationshipName": "emergencia",
      "relationshipName": "formaDeAgendamento",
      "otherEntityField": "id",
      "ownerSide": true
    }
  ],
  "changelogDate": "20200619145200",
  "entityTableName": "emergencia",
  "dto": "mapstruct",
  "pagination": "pagination",
  "service": "serviceClass",
  "jpaMetamodelFiltering": false,
  "fluentMethods": true,
  "readOnly": false,
  "embedded": false,
  "clientRootFolder": "madreconsulta",
  "applications": "*",
  "microserviceName": "madreconsulta",
  "skipClient": true
}
