{
    "name": "Entidade",
    "fields": [
        {
            "fieldName": "pacienteId",
            "fieldType": "Long"
        }
    ],
    "relationships": [],
    "changelogDate": "20200619145500",
    "entityTableName": "entidade",
    "dto": "mapstruct",
    "pagination": "pagination",
    "service": "serviceClass",
    "jpaMetamodelFiltering": false,
    "fluentMethods": true,
    "readOnly": false,
    "embedded": false,
    "clientRootFolder": "madreconsulta",
    "applications": "*",
    "microserviceName": "madreconsulta",
    "skipClient": true
}