id;numero_consulta;data_hora_da_consulta;grade;profissional;numero_sala;turno;tipo_pagador;grades_disponiveis;clinica_central_id;justificativa;observacoes;paciente_id
1;37454;2020-06-21T17:42:14;19;application;Savings Account Dam;NOTURNO;SUS;false;96990;parsing red Chips;Money Market Account;61165
2;52475;2020-06-22T12:39:04;9;intangible;enable Gorgeous Froz;VESPERTINO;SUS;false;4645;Credit Card Account Table Small Frozen Sausages;South Dakota envisioneer Music;23089
3;68423;2020-06-22T07:02:11;9;Rubber Buckinghamshire Games;incentivize Tuna cop;NOTURNO;SUS;true;77513;Markets Chief;capacitor archive;57044
4;19598;2020-06-22T00:19:15;0;software scale interactive;Louisiana Specialist;MATUTINO;SUS;false;19871;Books;magenta monitor 1080p;60595
5;7404;2020-06-21T14:35:23;7;Frozen IB;Highway Ergonomic;NOTURNO;OUTROS_CONVENIOS;false;11959;bus synthesize Idaho;Networked Sleek Metal Table Small;43933
6;10789;2020-06-22T07:58:47;0;withdrawal knowledge base Buckinghamshire;Concrete Investment ;MATUTINO;OUTROS_CONVENIOS;true;16122;Web virtual deposit;Squares mint green e-business;88328
7;53934;2020-06-22T05:02:12;16;National;Direct;MATUTINO;SUS;false;695;Borders;Bedfordshire Bahamian Dollar;26941
8;33761;2020-06-22T06:57:43;19;conglomeration;Oklahoma facilitate;MATUTINO;SUS;false;28484;Computers Personal Loan Account Berkshire;Home;34507
9;90826;2020-06-21T21:35:48;5;Granite Berkshire Designer;Credit Card Account;VESPERTINO;OUTROS_CONVENIOS;true;36778;invoice withdrawal;bypassing optical;15071
10;32078;2020-06-22T00:37:27;3;Refined Rubber Gloves Algerian Dinar Clothing;open-source turn-key;VESPERTINO;SUS;true;34106;Concrete Global SMS;Profound;17495
