{
  "name": "AtendimentoDiverso",
  "fields": [
    {
      "fieldName": "codigo",
      "fieldType": "Integer",
      "fieldValidateRules": ["required"]
    },
    {
      "fieldName": "unidadeExecutoraId",
      "fieldType": "Integer",
      "fieldValidateRules": ["required"]
    },
    {
      "fieldName": "origemAmostra",
      "fieldType": "OrigemAmostra",
      "fieldValues": "HUMANO,NAO_HUMANO"
    },
    {
      "fieldName": "tipoAmostra",
      "fieldType": "TipoAmostra",
      "fieldValues": "DOADOR,RECEPTOR"
    },
    {
      "fieldName": "identificacao",
      "fieldType": "String",
      "fieldValidateRules": ["required"]
    },
    {
      "fieldName": "dataSoro",
      "fieldType": "LocalDate",
      "fieldValidateRules": ["required"]
    },
    {
      "fieldName": "material",
      "fieldType": "String",
      "fieldValidateRules": ["required"]
    },
    {
      "fieldName": "especialidadeId",
      "fieldType": "Integer",
      "fieldValidateRules": ["required"]
    },
    {
      "fieldName": "centroAtividadeId",
      "fieldType": "Integer",
      "fieldValidateRules": ["required"]
    },
    {
      "fieldName": "dataNascimento",
      "fieldType": "LocalDate",
      "fieldValidateRules": ["required"]
    },
    {
      "fieldName": "sexo",
      "fieldType": "Sexo",
      "fieldValues": "FEMININO,MASCULINO,IGNORADO"
    }
  ],
  "relationships": [
    {
      "relationshipType": "many-to-one",
      "otherEntityName": "laboratorioExterno",
      "otherEntityRelationshipName": "atendimentoDiverso",
      "relationshipName": "laboratorio",
      "otherEntityField": "nome"
    },
    {
      "relationshipType": "many-to-one",
      "otherEntityName": "controleQualidade",
      "otherEntityRelationshipName": "atendimentoDiverso",
      "relationshipName": "controle",
      "otherEntityField": "codigo"
    },
    {
      "relationshipType": "many-to-one",
      "otherEntityName": "cadaver",
      "otherEntityRelationshipName": "atendimentoDiverso",
      "relationshipName": "cadaver",
      "otherEntityField": "nome"
    }
  ],
  "changelogDate": "20210705120218",
  "entityTableName": "atendimento_diverso",
  "dto": "mapstruct",
  "pagination": "pagination",
  "service": "serviceClass",
  "jpaMetamodelFiltering": false,
  "fluentMethods": true,
  "readOnly": false,
  "embedded": false,
  "clientRootFolder": "madreexames",
  "applications": "*",
  "microserviceName": "madreexames",
  "skipClient": true,
  "searchEngine": "elasticsearch",
  "databaseType": "sql"
}
