{
  "name": "Cadaver",
  "fields": [
    {
      "fieldName": "nome",
      "fieldType": "String",
      "fieldValidateRules": ["required"]
    },
    {
      "fieldName": "dataNascimento",
      "fieldType": "LocalDate",
      "fieldValidateRules": ["required"]
    },
    {
      "fieldName": "raca",
      "fieldType": "Raca",
      "fieldValues": "BRANCA,PRETA,PARDA,AMARELA,INDIGENA"
    },
    {
      "fieldName": "grupoSanguineo",
      "fieldType": "GrupoSanguineo",
      "fieldValues": "O,A,B,AB,INDETERMINADO"
    },
    {
      "fieldName": "dataRemocao",
      "fieldType": "LocalDate",
      "fieldValidateRules": ["required"]
    },
    {
      "fieldName": "causaObito",
      "fieldType": "String",
      "fieldValidateRules": ["required"]
    },
    {
      "fieldName": "realizadoPor",
      "fieldType": "String",
      "fieldValidateRules": ["required"]
    },
    {
      "fieldName": "lidoPor",
      "fieldType": "String",
      "fieldValidateRules": ["required"]
    },
    {
      "fieldName": "procedenciaId",
      "fieldType": "Integer",
      "fieldValidateRules": ["required"]
    },
    {
      "fieldName": "retiradaId",
      "fieldType": "Integer",
      "fieldValidateRules": ["required"]
    },
    {
      "fieldName": "codigoPlano",
      "fieldType": "Integer",
      "fieldValidateRules": ["required"]
    },
    {
      "fieldName": "observacao",
      "fieldType": "String",
      "fieldValidateRules": ["required"]
    }
  ],
  "relationships": [],
  "changelogDate": "20210705120718",
  "entityTableName": "cadaver",
  "dto": "mapstruct",
  "pagination": "pagination",
  "service": "serviceClass",
  "jpaMetamodelFiltering": false,
  "fluentMethods": true,
  "readOnly": false,
  "embedded": false,
  "clientRootFolder": "madreexames",
  "applications": "*",
  "microserviceName": "madreexames",
  "skipClient": true,
  "searchEngine": "elasticsearch",
  "databaseType": "sql"
}
