{
  "name": "ControleQualidade",
  "fields": [
    {
      "fieldName": "codigo",
      "fieldType": "Integer",
      "fieldValidateRules": ["required"]
    },
    {
      "fieldName": "material",
      "fieldType": "String",
      "fieldValidateRules": ["required"]
    },
    {
      "fieldName": "codigoConvenio",
      "fieldType": "String",
      "fieldValidateRules": ["required"]
    },
    {
      "fieldName": "codigoPlano",
      "fieldType": "String",
      "fieldValidateRules": ["required"]
    },
    {
      "fieldName": "convenioPlano",
      "fieldType": "ConvenioPlano",
      "fieldValues": "SUS_INTERNACAO,SUS_PLANOAMBULATORIO"
    }
  ],
  "relationships": [],
  "changelogDate": "20210705120618",
  "entityTableName": "controle_qualidade",
  "dto": "mapstruct",
  "pagination": "pagination",
  "service": "serviceClass",
  "jpaMetamodelFiltering": false,
  "fluentMethods": true,
  "readOnly": false,
  "embedded": false,
  "clientRootFolder": "madreexames",
  "applications": "*",
  "microserviceName": "madreexames",
  "skipClient": true,
  "searchEngine": "elasticsearch",
  "databaseType": "sql"
}
