{
  "name": "Dia",
  "fields": [
    {
      "fieldName": "nome",
      "fieldType": "String"
    }
  ],
  "relationships": [
    {
      "relationshipType": "many-to-many",
      "otherEntityName": "gradeAgendamentoExame",
      "otherEntityRelationshipName": "dia",
      "relationshipName": "gradeAgendamentoExame",
      "otherEntityField": "id",
      "ownerSide": false
    }
  ],
  "changelogDate": "20211004132653",
  "entityTableName": "dia",
  "dto": "mapstruct",
  "pagination": "pagination",
  "service": "serviceClass",
  "jpaMetamodelFiltering": false,
  "fluentMethods": true,
  "readOnly": false,
  "embedded": false,
  "clientRootFolder": "madreexames",
  "applications": "*",
  "microserviceName": "madreexames",
  "skipClient": true,
  "searchEngine": "elasticsearch",
  "databaseType": "sql"
}
