{
  "name": "Exame",
  "fields": [
    {
      "fieldName": "nome",
      "fieldType": "String",
      "fieldValidateRules": ["required"]
    },
    {
      "fieldName": "nomeUsual",
      "fieldType": "String"
    },
    {
      "fieldName": "sigla",
      "fieldType": "String",
      "fieldValidateRules": ["required"]
    },
    {
      "fieldName": "ativo",
      "fieldType": "Boolean",
      "fieldValidateRules": ["required"]
    },
    {
      "fieldName": "impressao",
      "fieldType": "Boolean",
      "fieldValidateRules": ["required"]
    },
    {
      "fieldName": "consisteInterfaceamento",
      "fieldType": "Boolean",
      "fieldValidateRules": ["required"]
    },
    {
      "fieldName": "anexaDocumentos",
      "fieldType": "Boolean",
      "fieldValidateRules": ["required"]
    }
  ],
  "relationships": [
    {
      "relationshipType": "one-to-many",
      "otherEntityName": "gradeAgendamentoExame",
      "otherEntityRelationshipName": "exame",
      "relationshipName": "gradeDoExame"
    },
    {
      "relationshipType": "many-to-one",
      "otherEntityName": "materialDeExame",
      "otherEntityRelationshipName": "exame",
      "relationshipName": "materialExame",
      "otherEntityField": "nome"
    },
    {
      "relationshipType": "many-to-many",
      "otherEntityName": "grupoAgendamentoExame",
      "otherEntityRelationshipName": "exame",
      "relationshipName": "grupoAgendamentoExame",
      "otherEntityField": "nome",
      "ownerSide": false
    }
  ],
  "changelogDate": "20210705114508",
  "entityTableName": "exame",
  "dto": "mapstruct",
  "pagination": "pagination",
  "service": "serviceClass",
  "jpaMetamodelFiltering": false,
  "fluentMethods": true,
  "readOnly": false,
  "embedded": false,
  "clientRootFolder": "madreexames",
  "applications": "*",
  "microserviceName": "madreexames",
  "skipClient": true,
  "searchEngine": "elasticsearch",
  "databaseType": "sql"
}
