{
  "name": "InformacoesComplementares",
  "fields": [
    {
      "fieldName": "origemAmostra",
      "fieldType": "String",
      "fieldValidateRules": ["required"]
    },
    {
      "fieldName": "tipoAmostra",
      "fieldType": "String",
      "fieldValidateRules": ["required"]
    },
    {
      "fieldName": "identificacao",
      "fieldType": "String",
      "fieldValidateRules": ["required"]
    },
    {
      "fieldName": "dataSoro",
      "fieldType": "LocalDate",
      "fieldValidateRules": ["required"]
    },
    {
      "fieldName": "material",
      "fieldType": "String",
      "fieldValidateRules": ["required"]
    },
    {
      "fieldName": "especialidade",
      "fieldType": "String",
      "fieldValidateRules": ["required"]
    },
    {
      "fieldName": "centroAtividade",
      "fieldType": "String",
      "fieldValidateRules": ["required"]
    },
    {
      "fieldName": "prontuario",
      "fieldType": "Integer",
      "fieldValidateRules": ["required"]
    },
    {
      "fieldName": "codigo",
      "fieldType": "Integer",
      "fieldValidateRules": ["required"]
    },
    {
      "fieldName": "nomePaciente",
      "fieldType": "String",
      "fieldValidateRules": ["required"]
    },
    {
      "fieldName": "dataNascimento",
      "fieldType": "LocalDate",
      "fieldValidateRules": ["required"]
    },
    {
      "fieldName": "sexo",
      "fieldType": "String",
      "fieldValidateRules": ["required"]
    }
  ],
  "relationships": [],
  "changelogDate": "20210705120318",
  "entityTableName": "informacoes_complementares",
  "dto": "mapstruct",
  "pagination": "pagination",
  "service": "serviceClass",
  "jpaMetamodelFiltering": false,
  "fluentMethods": true,
  "readOnly": false,
  "embedded": false,
  "clientRootFolder": "madreexames",
  "applications": "*",
  "microserviceName": "madreexames",
  "skipClient": true,
  "searchEngine": "elasticsearch",
  "databaseType": "sql"
}
