{
  "name": "Recomendacao",
  "fields": [
    {
      "fieldName": "descricao",
      "fieldType": "String",
      "fieldValidateRules": ["required"]
    },
    {
      "fieldName": "avisoResponsavel",
      "fieldType": "Boolean",
      "fieldValidateRules": ["required"]
    },
    {
      "fieldName": "responsavel",
      "fieldType": "Responsavel",
      "fieldValues": "COLETADOR,SOLICITANTE,PACIENTE"
    },
    {
      "fieldName": "abrangencia",
      "fieldType": "Abrangencia",
      "fieldValues": "AMBULATORIO,INTERNACAO,AMBOS"
    }
  ],
  "relationships": [
    {
      "relationshipType": "many-to-one",
      "otherEntityName": "material",
      "otherEntityRelationshipName": "material",
      "relationshipName": "material",
      "otherEntityField": "id"
    }
  ],
  "changelogDate": "20210705114708",
  "entityTableName": "recomendacao",
  "dto": "mapstruct",
  "pagination": "pagination",
  "service": "serviceClass",
  "jpaMetamodelFiltering": false,
  "fluentMethods": true,
  "readOnly": false,
  "embedded": false,
  "clientRootFolder": "madreexames",
  "applications": "*",
  "microserviceName": "madreexames",
  "skipClient": true,
  "searchEngine": "elasticsearch",
  "databaseType": "sql"
}
