{
  "name": "TipoDeMarcacao",
  "fields": [
    {
      "fieldName": "nome",
      "fieldType": "String",
      "fieldValidateRules": ["required"]
    },
    {
      "fieldName": "ativo",
      "fieldType": "Boolean",
      "fieldValidateRules": ["required"]
    }
  ],
  "relationships": [
    {
      "relationshipType": "one-to-many",
      "otherEntityName": "horarioExame",
      "otherEntityRelationshipName": "tipoDeMarcacao",
      "relationshipName": "horarioMarcado"
    }
  ],
  "changelogDate": "20210818155025",
  "entityTableName": "tipo_de_marcacao",
  "dto": "mapstruct",
  "pagination": "pagination",
  "service": "serviceClass",
  "jpaMetamodelFiltering": false,
  "fluentMethods": true,
  "readOnly": false,
  "embedded": false,
  "clientRootFolder": "madreexames",
  "applications": "*",
  "microserviceName": "madreexames",
  "skipClient": true,
  "searchEngine": "elasticsearch",
  "databaseType": "sql"
}
