id;codigo;nome;data_nascimento;raca;grupo_sanguineo;data_remocao;causa_obito;realizado_por;lido_por;procedencia;retirada;codigo_plano;convenio_plano;observacao
1;51291;Electronics proactive;2021-07-05;INDIGENA;A;2021-07-05;Outdoors extranet;Tasty Wooden Sausages firewall Baby;Rustic;Auto Loan Account red;Tuna;capacitor Shoes;SUS_planoAmbulatorio;copy
2;83106;Small monitor Internal;2021-07-04;INDIGENA;O;2021-07-05;Home Loan Account XSS;Legacy Savings Account;optical Usability;experiences Computers Investment Account;Tasty Fresh Towels Savings Account;Singapore Dollar;SUS_internacao;Bedfordshire yellow Handmade Cotton Keyboard
3;9060;bottom-line Agent;2021-07-05;AMARELA;B;2021-07-04;Small;Inlet robust User-centric;Table;Multi-tiered Iraq Agent;Oklahoma;New York;SUS_planoAmbulatorio;Wallis and Futuna user-centric Sleek Rubber Soap
4;41111;Credit Card Account Clothing Inlet;2021-07-04;BRANCA;A;2021-07-04;quantify Mouse Bosnia and Herzegovina;Stand-alone Assistant Awesome Cotton Soap;salmon Turnpike;Cambridgeshire Track;Centralized AI;Buckinghamshire yellow Savings Account;SUS_planoAmbulatorio;Unbranded Ergonomic fuchsia
5;25050;Executive Chips;2021-07-04;INDIGENA;INDETERMINADO;2021-07-04;Auto Loan Account Investment Account;sky blue Response;Licensed Rubber Salad Kentucky;Djibouti Franc;invoice black Regional;instruction set South Georgia and the South Sandwich Islands;SUS_internacao;Paradigm
6;75883;Principal Bacon District;2021-07-05;AMARELA;O;2021-07-05;Kina Jewelery Virginia;Georgia Bike;Bike;incubate reboot Nakfa;HTTP unleash ability;Forward Money Market Account open-source;SUS_planoAmbulatorio;engineer Steel card
7;55500;digital;2021-07-05;PARDA;B;2021-07-04;invoice Centralized THX;Nuevo Sol Nicaragua;discrete Concrete;navigating Fantastic Steel Soap;Soft Industrial;connecting Configuration implement;SUS_internacao;Lodge
8;38072;French Guiana Pizza regional;2021-07-05;BRANCA;B;2021-07-04;convergence Producer;Incredible Wooden Towels invoice Iceland Krona;dot-com;web-enabled;Credit Card Account COM;Ferry;SUS_internacao;Tasty Security
9;72741;withdrawal Strategist Michigan;2021-07-05;AMARELA;INDETERMINADO;2021-07-04;contingency;program Pula XML;systematic;Seychelles Rupee yellow;Steel Rustic;capability;SUS_planoAmbulatorio;Future payment
10;45987;real-time markets neural-net;2021-07-05;PRETA;INDETERMINADO;2021-07-05;Shoes Riel Internal;circuit;Congo;withdrawal deposit Corner;Radial Electronics back-end;SMS;SUS_internacao;Movies hub copying
