<?xml version="1.0" encoding="utf-8"?>
<databaseChangeLog
    xmlns="http://www.liquibase.org/xml/ns/dbchangelog"
    xmlns:xsi="http://www.w3.org/2001/XMLSchema-instance"
    xsi:schemaLocation="http://www.liquibase.org/xml/ns/dbchangelog http://www.liquibase.org/xml/ns/dbchangelog/dbchangelog-3.5.xsd">


    <include file="config/liquibase/changelog/20210705114508_added_entity_Exame.xml" relativeToChangelogFile="false"/>
    <include file="config/liquibase/changelog/20210705114608_added_entity_Material.xml" relativeToChangelogFile="false"/>
    <include file="config/liquibase/changelog/20210705114708_added_entity_Recomendacao.xml" relativeToChangelogFile="false"/>
    <include file="config/liquibase/changelog/20210705114808_added_entity_TipoAmostra.xml" relativeToChangelogFile="false"/>
    <include file="config/liquibase/changelog/20210705114908_added_entity_ItemSolicitacaoExame.xml" relativeToChangelogFile="false"/>
    <include file="config/liquibase/changelog/20210705115008_added_entity_SolicitacaoExame.xml" relativeToChangelogFile="false"/>
    <include file="config/liquibase/changelog/20210705115108_added_entity_Sinonimo.xml" relativeToChangelogFile="false"/>
    <include file="config/liquibase/changelog/20210705120218_added_entity_AtendimentoDiverso.xml" relativeToChangelogFile="false"/>
    <include file="config/liquibase/changelog/20210705120318_added_entity_InformacoesComplementares.xml" relativeToChangelogFile="false"/>
    <include file="config/liquibase/changelog/20210705120418_added_entity_ProjetoDePesquisa.xml" relativeToChangelogFile="false"/>
    <include file="config/liquibase/changelog/20210705120518_added_entity_LaboratorioExterno.xml" relativeToChangelogFile="false"/>
    <include file="config/liquibase/changelog/20210705120618_added_entity_ControleQualidade.xml" relativeToChangelogFile="false"/>
    <include file="config/liquibase/changelog/20210705120718_added_entity_Cadaver.xml" relativeToChangelogFile="false"/>
    <include file="config/liquibase/changelog/20210714162530_added_entity_GrupoAgendamentoExame.xml" relativeToChangelogFile="false"/>
    <include file="config/liquibase/changelog/20210818154925_added_entity_Sala.xml" relativeToChangelogFile="false"/>
    <include file="config/liquibase/changelog/20210818155025_added_entity_TipoDeMarcacao.xml" relativeToChangelogFile="false"/>
    <include file="config/liquibase/changelog/20210812090408_added_entity_ExameCompleto.xml" relativeToChangelogFile="false"/>
    <include file="config/liquibase/changelog/20210705114608_added_entity_Material_Atualizado.xml" relativeToChangelogFile="false"/>
    <include file="config/liquibase/changelog/20210930160725_added_entity_GradeAgendamentoExame.xml" relativeToChangelogFile="false"/>
    <include file="config/liquibase/changelog/20210930160825_added_entity_HorarioExame.xml" relativeToChangelogFile="false"/>
    <include file="config/liquibase/changelog/20211004132653_added_entity_Dia.xml" relativeToChangelogFile="false"/>
    <include file="config/liquibase/changelog/20211015132038_added_entity_ProcessoAssincronoGrade.xml" relativeToChangelogFile="false"/>
    <!-- jhipster-needle-liquibase-add-changelog - JHipster will add liquibase changelogs here -->
    <include file="config/liquibase/changelog/20210705114508_added_entity_constraints_Exame.xml" relativeToChangelogFile="false"/>
    <include file="config/liquibase/changelog/20210705114708_added_entity_constraints_Recomendacao.xml" relativeToChangelogFile="false"/>
    <include file="config/liquibase/changelog/20210705114908_added_entity_constraints_ItemSolicitacaoExame.xml" relativeToChangelogFile="false"/>
    <include file="config/liquibase/changelog/20210705115108_added_entity_constraints_Sinonimo.xml" relativeToChangelogFile="false"/>
    <include file="config/liquibase/changelog/20210705120218_added_entity_constraints_AtendimentoDiverso.xml" relativeToChangelogFile="false"/>
    <include file="config/liquibase/changelog/20210705120318_added_entity_constraints_InformacoesComplementares.xml" relativeToChangelogFile="false"/>
    <include file="config/liquibase/changelog/20210714162530_added_entity_constraints_GrupoAgendamentoExame.xml" relativeToChangelogFile="false"/>
    <include file="config/liquibase/changelog/20210812090408_added_entity_ExameCompleto.xml" relativeToChangelogFile="false"/>
    <include file="config/liquibase/changelog/20210705114608_added_entity_Material_Atualizado.xml" relativeToChangelogFile="false"/>
    <include file="config/liquibase/changelog/20210818172959_added_entity_MaterialDeExame.xml" relativeToChangelogFile="false"/>
    <include file="config/liquibase/changelog/20210818172959_added_entity_constraints_MaterialDeExame.xml" relativeToChangelogFile="false"/>
    <include file="config/liquibase/changelog/20210930160725_added_entity_constraints_GradeAgendamentoExame.xml" relativeToChangelogFile="false"/>
    <include file="config/liquibase/changelog/20210930160825_added_entity_constraints_HorarioExame.xml" relativeToChangelogFile="false"/>
    <!-- jhipster-needle-liquibase-add-constraints-changelog - JHipster will add liquibase constraints changelogs here -->
    <include file="config/liquibase/changelog/20210729174828_alterar_atendimentoDiverso.xml" relativeToChangelogFile="false"/>
    <include file="config/liquibase/changelog/20210729190512_remover_Constraint_AtendimentoDiverso.xml" relativeToChangelogFile="false"/>
    <include file="config/liquibase/changelog/20210805133654_alterar_atendimentoDiverso_informacoesComplementares.xml" relativeToChangelogFile="false"/>
    <include file="config/liquibase/changelog/20210811155714_alterar_atendimentoDiverso_CamposEnum.xml" relativeToChangelogFile="false"/>
    <include file="config/liquibase/changelog/20210827165951_added_entity_Recipiente.xml" relativeToChangelogFile="false"/>
    <include file="config/liquibase/changelog/20210827170051_added_entity_Anticoagulante.xml" relativeToChangelogFile="false"/>
    <include file="config/liquibase/changelog/20210827170151_added_entity_AmostraDeMaterial.xml" relativeToChangelogFile="false"/>
    <include file="config/liquibase/changelog/20210827170151_added_entity_constraints_AmostraDeMaterial.xml" relativeToChangelogFile="false"/>
    <include file="config/liquibase/changelog/20210910151332_renomear_colunas_exame.xml" relativeToChangelogFile="false"/>
    <include file="config/liquibase/changelog/20210818155025_added_entity_TipoDeMarcacaoAtualizado.xml" relativeToChangelogFile="false"/>
    <include file="config/liquibase/changelog/20210705120718_updated_entity_Cadaver.xml" relativeToChangelogFile="false"/>
    <include file="config/liquibase/changelog/20210818154925_updated_entity_Sala.xml" relativeToChangelogFile="false"/>
    <include file="config/liquibase/changelog/20210818154925_renomear_campos_entity_Sala.xml" relativeToChangelogFile="false"/>
</databaseChangeLog>
